{
    "1.32": {
        "platforms": {
            "win64": {
                "cef_100_percent.pak": "d1f004cf1714b637fc7050768239ba5474896e71",
                "cef_200_percent.pak": "ef770f5c5d1fb5ba83e1d3ec51b542c508758bc6",
                "cef_extensions.pak": "ec46984e50d3e2de260ae0ed45bf1bbc37ca88c0",
                "cef.pak": "d698f306e3371106e2e3924ccfbc61c83838d525",
                "chrome_elf.dll": "c795f8879052d84a2b2487a0c8bdca180cc4c88a",
                "d3dcompiler_47.dll": "612e6f443d927330b9b8ac13cc4a2a6b959cee48",
                "devtools_resources.pak": "66ad07f1f190d419c940d9a4dc5995b0906201ae",
                "icudtl.dat": "8fc04fde7fb09d68d60cfddee0b309fbafb00c1c",
                "jcef.dll": "0b83b827587eecaaa4eaf2402942ba5729b4813c",
                "jcef_helper.exe": "54f710f9f9167e9793707a6af920975ab9975588",
                "libcef.dll": "b783a60b4035118b746459812ea5db42109547fb",
                "libEGL.dll": "ab255142c2e09e0bbf55c3758ebe8337b7e9094d",
                "libGLESv2.dll": "4bb8eb0b89cc6c72da33e46c8c81d75c8affd544",
                "locales.zip": "8a3dd221c035e366d6538a937002dfbbbc13937c",
                "snapshot_blob.bin": "85aab6da17bba5a7bd4ae2e5455d5356f970c2f5",
                "v8_context_snapshot.bin": "edea10ba4e5591fed25dcb71415ed1af3ae4e97c",
                "swiftshader/libEGL.dll": "dc5700742279ae57f280beb9200d3d90226adf04",
                "swiftshader/libGLESv2.dll": "94c1ab0769c9f0e9aefb4eb3deff5ea365c8fad2"
            },
            "mac64": {
                "jcef_app.zip": "56eacd685879fb19e03cf55ce63abbb06c588549"
            },
            "linux64": {
                "cef_100_percent.pak": "8d13d9fdd77352562b1ee3cfff071d87b639abac",
                "cef_200_percent.pak": "22442bbc9bcf39431863992fba7e608dc4f56d25",
                "cef_extensions.pak": "c520dafa46167bb0f9de768ffda120b3a97b0d03",
                "cef.pak": "10f864ab0db29bcb1b3dca04e351b0ef9f982e2a",
                "chrome-sandbox": "e8d52398f8631def45223efd47fa868776c3bc6a",
                "devtools_resources.pak": "3abe451c186055b3925678debbdeea04045e23eb",
                "icudtl.dat": "8fc04fde7fb09d68d60cfddee0b309fbafb00c1c",
                "jcef_helper": "6ef7edf3c98704f28104ca78fd6bbc3e3d694e67",
                "libcef.so": "65d849340923a095e0930644093574b05a785365",
                "libEGL.so": "6fa59bdb2e9d75e4a917f9e6c0b8680af16a6c0b",
                "libGLESv2.so": "9748274b9fcf2e5bc36afcf542b64c1b22fa5e61",
                "libjcef.so": "886307a501f0af17500c7647ee97bffa50104807",
                "locales.zip": "a0faa3171ea3eb6db1f6123f5b9c4c08c43b92f7",
                "snapshot_blob.bin": "e1b23d3781130e8963e263a5c84ffba05384624f",
                "v8_context_snapshot.bin": "5379cba9a970499373547986f6ab15a9004110f1",
                "swiftshader/libEGL.so": "5f674effdb8f71de10c6b9ca6249f7cd2154c162",
                "swiftshader/libGLESv2.so": "57bbc36d9fc9e15fcb98e538983b4e42d22847ba"
            },
            "shared": {}
        },

        "extract": ["locales.zip", "jcef_app.zip"]
    },
    "1.33": {
        "platforms": {
            "win64": {
                "chrome_100_percent.pak": "d1f004cf1714b637fc7050768239ba5474896e71",
                "chrome_200_percent.pak": "ef770f5c5d1fb5ba83e1d3ec51b542c508758bc6",
                "chrome_elf.dll": "ec46984e50d3e2de260ae0ed45bf1bbc37ca88c0",
                "d3dcompiler_47.dll": "d698f306e3371106e2e3924ccfbc61c83838d525",
                "icudtl.dat": "c795f8879052d84a2b2487a0c8bdca180cc4c88a",
                "jcef.dll": "612e6f443d927330b9b8ac13cc4a2a6b959cee48",
                "jcef.exp": "66ad07f1f190d419c940d9a4dc5995b0906201ae",
                "jcef_helper.exe": "8fc04fde7fb09d68d60cfddee0b309fbafb00c1c",
                "jcef.lib": "0b83b827587eecaaa4eaf2402942ba5729b4813c",
                "libcef.dll": "54f710f9f9167e9793707a6af920975ab9975588",
                "libEGL.dll": "b783a60b4035118b746459812ea5db42109547fb",
                "libGLESv2.dll": "ab255142c2e09e0bbf55c3758ebe8337b7e9094d",
                "resources.pak": "4bb8eb0b89cc6c72da33e46c8c81d75c8affd544",
                "locales.zip": "f65cdfa04e7e455b5ba207970e6636bdc412012c",
                "snapshot_blob.bin": "8a3dd221c035e366d6538a937002dfbbbc13937c",
                "v8_context_snapshot.bin": "85aab6da17bba5a7bd4ae2e5455d5356f970c2f5",
                "vk_swiftshader.dll": "edea10ba4e5591fed25dcb71415ed1af3ae4e97c",
                "vk_swiftshader_icd.json": "dc5700742279ae57f280beb9200d3d90226adf04",
                "vulkan-1.dll": "94c1ab0769c9f0e9aefb4eb3deff5ea365c8fad2",
                "swiftshader/libEGL.dll": "1a222b0394b76385a35373f2b2bd2185efa5ea05",
                "swiftshader/libGLESv2.dll": "a6411a36ae1f6988e7b7b26cc49f06e8bc9c9f6b"
            },
            "mac64": {
				"jcef_app.zip": "b5cf75b07cda786837ca8aae1b78e8cce1744499"
            },
            "linux64": {
                "chrome_100_percent.pak": "afa1a312d2c530dcbdc3b238d4465224f372f5d5",
                "chrome_200_percent.pak": "0e7b99b046fc13fb14620b0c24c6f50e7152bec0",
                "icudtl.dat": "42a5033597e4be36ccfa16d19890049ba0e25a56",
                "libcef.so": "1536d7c697197f42a032d94723280f149e65acf0",
                "libEGL.so": "a31c70fb45ec5d0cf484d4d40691b53f5a2e1239",
                "libGLESv2.so": "9829d1bafd384429f8e72c3c07708bff99b8039f",
                "libjcef.so": "2773d7b611b3c8653dd01c5b4e252598d5afb031",
                "jcef_helper": "6ba226fd4e710fddb622b91f330dc43becdabeb2",
                "chrome-sandbox": "5e7996f7cd4c4d3de7b95cddfd5c9b35269ae0f8",
                "libvk_swiftshader.so": "29305a99df44e20867c57859ee4680437b990f7c",
                "libvulkan.so.1": "2ecac37c8d0c388a02edd97de4eaefed66cc3d36",
                "resources.pak": "6da240a377ead70f0d4a24d3cd453e4b36f8b997",
                "snapshot_blob.bin": "324491708258cdfc5a9aace1d1e9a28232461ca8",
                "v8_context_snapshot.bin": "e22adcd8df6646ab61e4ee557f9130a9b0090cca",
                "vk_swiftshader_icd.json": "08a83ab661feb866ab881fc7cf0e2b1dc4a5c43d",
                "locales.zip": "adedc9a16b2d20ae064a8eecab7124a46756ebd8",
                "swiftshader/libEGL.so": "8332bbb1e7508307de3e74dab8df375c77fec760",
                "swiftshader/libGLESv2.so": "545ad108b406bcf88091804e858d809f8bf433a8"
            },
            "shared": {}
        },

        "extract": ["locales.zip", "jcef_app.zip"]
    },
    "latestVersions": {
        "1.12.2": "1.33"
    }
}
